{
  "lang": "it",
  "siteTitle": "Martina Cardillo | Astrofisica delle alte energie",
  "nav": {
    "home": "Home",
    "publications": "Pubblicazioni scientifiche",
    "outreach": "Didattica e Divulgazione",
    "news": "News e aggiornamenti",
    "cv": "CV",
    "contact": "Contatti",
    "language": "Lingua",
    "supervision": "Richieste di tesi e dottorato",
    "homeMenu": {
      "overview": "Pagina principale",
      "research": "Attività Scientifica e Collaborazioni",
      "supervision": "Richieste di tesi e dottorato",
      "education": "Formazione ed esperienza",
      "collaborations": "Collaborazioni",
      "social": "Canali Social",
      "quickLinks": "Scorciatoie"
    }
  },
  "hero": {
    "title": "Martina Cardillo",
    "subtitle": "Ricercatrice INAF-IAPS | Astrofisica delle alte energie",
    "intro": "Astrofisica romana, sono ricercatrice presso l' <a href=\"https://www.iaps.inaf.it/it\" target=\"_blank\" rel=\"noopener\"><strong>Istituto di Astrofisica e Planetologia Spaziali (IAPS)</strong></a> di Roma, una delle sedi dell' <a href=\"http://www.inaf.it/it\" target=\"_blank\" rel=\"noopener\"><strong>Istituto Nazionale di AStrofisica (INAF)</strong></a>.<br>Mi occupo in particolare di accelerazione di <strong>raggi cosmici</strong> da sorgenti galattica attraverso l'<strong>astrofisica gamma</strong>, quella che studia tutti gli eventi pi\u00f9 energetici dell'universo. Il mio lavoro va dallo studio dell'<strong>interfaccia tra strumento e segnale</strong> spaziale fino all'<strong>analisi e interpretazione dei dati</strong>.Sono all'interno di varie collaborazioni nazionali e internazionali, in particolare faccio parte del team <a href=\"https://agile.ssdc.asi.it/overview.html\" target=\"_blank\" rel=\"noopener\"><strong>AGILE</strong></a> (satellite gamma italiano) e del progetto sempre italiano <a href=\"https://www.astri.inaf.it/\" target=\"_blank\" rel=\"noopener\"><strong>ASTRI</strong></a> Mini-Array (futura rete di telescopi gamma).<br>Amo <a href=\"pages/didattica-divulgazione.html\"><strong>raccontare la scienza</strong></a> e l'universo in particolare, e lo faccio quando e come posso, sia tramite canali istituzionali (es. <a href=\"https://storie.inaf.it/\" target=\"_blank\" rel=\"noopener\"><strong>Gruppo Storie INAF</strong></a>) che con canali personali (YouTube: <a href=\"https://www.youtube.com/piuspaziopertutti\" target=\"_blank\" rel=\"noopener\"><strong>Pi\u00f9 Spazio Per Tutti</strong></a>, Facebook; <a href=\"https://www.facebook.com/RomaCaputAstri\" target=\"_blank\" rel=\"noopener\"><strong>Roma Caput Astri</strong></a>).<br>Amo l'arte in ogni sua forma, Roma (e la Roma) e sono un'iperattiva, di quelle che vanno sedate ogni tanto.",
    "ctaPrimary": "Scarica il CV",
    "ctaSecondary": "Pubblicazioni scientifiche",
    "ctaTertiary": "Didattica e divulgazione",
    "ctaQuaternary": "News e aggiornamenti",
    "quick": {
      "researchTitle": "Ricerca",
      "researchDesc": "Aree e competenze chiave",
      "supervisionTitle": "Richieste tesi e dottorato",
      "supervisionDesc": "Disponibilità e temi",
      "collabTitle": "Collaborazioni",
      "collabDesc": "Progetti attivi"
    }
  },
  "sections": {
    "educationExperience": {
      "title": "Formazione ed esperienza",
      "items": ["2007 - Laurea triennale in Fisica (Universit\u00e0 di Roma Tor Vergata)\\nTesi: \\\"L'effetto di lente gravitazionale sulle anisotropie della radiazione cosmica di fondo\\\"\\nRelatore: Prof. Amedeo Balbi", "2010 \u2013 Laurea Magistrale in Scienze dell\u2019Universo (Universit\u00e0 di Roma Tor Vergata)\\nTesi: \u201cThe Supernova Remnant W28: a study of particle acceleration\u201d\\nRelatore: Prof. Marco Tavani", "2013 \u2013 Dottorato di ricerca in Astronomia (Universit\u00e0 di Roma Tor Vergata)\\nTesi: \u201cThe origin of cosmic rays in supernova remnants: new challenges after a breakthrough\u201d\\nRelatore: Prof. Marco Tavani\\nLa tesi ha ricevuto il Premio ARAP (Associazione Romana per le Astro-Particelle)", "2014\u20132017 \u2013 Post-doc presso INAF \u2013 Osservatorio Astrofisico di Arcetri (Firenze)\\nHo lavorato nel gruppo di alte energie di Pasquale Blasi su modelli teorici legati all\u2019accelerazione dei raggi cosmici da parte dei resti di supernova.", "2017\u20132021 \u2013 Post-doc presso INAF\u2013IAPS - Ho lavorato principalmente sull'analisi dati gamma dal satellite AGILE e modellizzazione degli stessi e ho iniziato la mia attivit\u00e0 all'interno della collaborazione ASTRI", "2021\u2013oggi \u2013 Ricercatrice a tempo indeterminato presso INAF\u2013IAPS - Ho consolidato il mio ruolo all'interno della collaborazione ASTRI, ho iniziato a seguire il dottorando Alan Sunny e ho iniziato un lavoro indipendente legato allo studio multi-frequenza e multi-messaggero dei Pevatroni galattici anche col supporto collaborazioni esterne (es. Dr Jagdish Joshi dell'<a href=\\\"https://www.aries.res.in/\\\" target=\\\"_blank\\\" rel=\\\"noopener\\\">ARIES</a> e Dr Gabriela Castelletti del <a href=\\\"https://cyt.rec.uba.ar/investigacion/institutos-3-2/instituto-uba-conicet/\\\" target=\\\"_blank\\\" rel=\\\"noopener\\\">CONICET-Universidad De Buenos Aires</a>)"]
    },
    "research": {
    "title": "Attività Scientifica e Collaborazioni",
      "body": "Ho una <a href=\"pages/pubblicazioni.html\"><strong>lunga esperienza</strong></a> nella modellistica e nell'analisi dati dei processi di accelerazione dei raggi cosmici e dell'emissione gamma da sorgenti galattiche, in particolare dai resti di supernova.\n\n- Sono coautrice principale dell'articolo Giuliani, Cardillo et al. (2011), che ha mostrato la prima evidenza della presenza di raggi cosmici in uno shock di un resto di supernova grazie al satellite <a href=\"https://agile.ssdc.asi.it/overview.html\" target=\"_blank\" rel=\"noopener\"><strong>AGILE</strong></a>.\n\n- Come membro del team AGILE, ho ricevuto il Bruno Rossi Prize per la scoperta di flares gamma nella Nebulosa del Granchio (2012).\n\n- Mi occupo della gestione dell'acquisizione e dell'analisi dati da satelliti e rivelatori Cherenkov.\n\n- Nella collaborazione <a href=\"https://www.astri.inaf.it/\" target=\"_blank\" rel=\"noopener\"><strong>ASTRI</strong></a> Mini-Array sono co-coordinatrice di diversi gruppi di lavoro: Data Processing System working package, Scientific Analysis Working Group e Science Pevatron Working Group.\n\nSono membro di diversi progetti e collaborazioni, tra cui AGILE, ASTRI Mini-Array, <a href=\"https://www.ctao.org/\" target=\"_blank\" rel=\"noopener\"><strong>CTAO</strong></a>, <a href=\"https://www.ctao.org/it/emission-to-discovery/telescopes/lst/\" target=\"_blank\" rel=\"noopener\"><strong>LST-1</strong></a> e sono anche membro associato di <a href=\"https://magic.mppmu.mpg.de/\" target=\"_blank\" rel=\"noopener\"><strong>MAGIC</strong></a>.\n\nCredo molto nell'importanza della <a href=\"pages/didattica-divulgazione.html\"><strong>divulgazione</strong></a> Scientifica e per questo il mio impegno a tal riguardo \u00e8 sempre vivo e appassionato. Trovate tutte le attivit\u00e0 da me portate avanti nella <a href=\"pages/didattica-divulgazione.html\"><strong>pagina dedicata</strong></a>.",
      "focus": [
        "Analisi e modellizzazione di dati gamma",
        "Accelerazione e propagazione dei raggi cosmici",
        "Sorgenti galattiche ad altissima energia",
        "Telescopi Cherenkov e IRF",
        "Analisi multi-lunghezza d'onda"
      ],
      "focusTop": [
        "Analisi e modellizzazione di dati gamma",
        "Sorgenti galattiche ad altissima energia",
        "Accelerazione e propagazione dei raggi cosmici"
      ],
      "focusOther": [
        "Telescopi Cherenkov e IRF",
        "Analisi multi-lunghezza d'onda"
      ],
      "legendTop": "Focus principali",
      "legendOther": "Attività in corso"
    },    "supervision": {
      "title": "Richieste di tesi e dottorato",
      "bodyIntro": "Sono disponibile a supervisionare tesi triennali/magistrali e progetti di dottorato su analisi dati gamma e modellizzazione dell'accelerazione dei raggi cosmici in sorgenti galattiche, e tematiche affini. Se vuoi proporre un progetto o capire se c'? un tema in comune, <a href=\"mailto:martina.cardillo@inaf.it\">scrivimi</a>: rispondo (quasi) alla velocit? della luce.",
      "bodyDetail": "Dal 2023 sono supervisor dello studente Alan Sunny, dottorando del 39? ciclo di dottorato in <a href=\"https://phd.uniroma1.it/web/ASTRONOMY-ASTROPHYSICS-AND-SPACE-SCIENCE_nD3486_EN.aspx\" target=\"_blank\" rel=\"noopener\">Astronomy, Astrophysics and Space Science</a> delle Universit? di Tor Vergata e La Sapienza di Roma."
    },
    "education": {
      "title": "Formazione",
      "items": [
        {
          "title": "Dottorato in Astrofisica",
          "period": "2010-2013",
          "place": "Università di Roma Tor Vergata"
        },
        {
          "title": "Laurea Magistrale in Astrofisica (110/110 e lode)",
          "period": "2007-2010",
          "place": "Università di Roma Tor Vergata"
        },
        {
          "title": "Laurea Triennale in Fisica (105/110)",
          "period": "2004-2007",
          "place": "Università di Roma Tor Vergata"
        }
      ]
    },
    "career": {
      "title": "Carriera",
      "items": [
        {
          "title": "Ricercatrice, INAF-IAPS",
          "period": "2021-oggi",
          "place": "Roma"
        },
        {
          "title": "Postdoc, INAF-IAPS",
          "period": "2017-2021",
          "place": "Roma"
        },
        {
          "title": "Postdoc, INAF - Osservatorio Astrofisico di Arcetri",
          "period": "2014-2017",
          "place": "Firenze"
        }
      ]
    },
    "collaborations": {
      "title": "Collaborazioni attive"
    },
    "social": {
      "title": "Canali Social"
    },
    "quickLinks": {
      "title": "Scorciatoie utili",
      "publications": "Pubblicazioni scientifiche",
      "outreach": "Didattica e Divulgazione",
      "news": "News e aggiornamenti",
      "publicationsDesc": "Elenco per anno con DOI e link.",
      "outreachDesc": "Attività divulgative e didattiche con risorse online.",
      "newsDesc": "Nuovi paper, bandi, collaborazioni e attività recenti."
    }
  },
  "contact": {
    "title": "Contatti",
    "emailLabel": "Email",
    "instituteLabel": "Istituto",
    "addressLabel": "Sede"
  },
  "publicationsPage": {
    "title": "Pubblicazioni scientifiche",
    "intro": "Elenco per anno delle pubblicazioni peer-reviewed con DOI e link.",
    "cardilloTitle": "Pubblicazioni principali",
    "byYearTitle": "Altre pubblicazioni per anno"
  },
  "outreachPage": {
    "title": "Didattica e Divulgazione",
    "intro": "Attività divulgative per anno con link al materiale disponibile online.",
    "ongoingTitle": "Attività di divulgazione continuative",
    "teachingTitle": "Didattica universitaria e formazione",
    "byYearTitle": "Attività divulgative per anno"
  },
  "newsPage": {
    "title": "News e aggiornamenti",
    "intro": "Nuovi paper, bandi/progetti, collaborazioni e attività divulgative."
  },
  "teaching": {
    "items": [
      {
        "title": "Astrofisica delle alte energie (docenza)",
        "period": "2022-2024",
        "place": "Università di Roma Tor Vergata"
      },
      {
        "title": "Tutorato: Meccanica e Termodinamica",
        "period": "2012",
        "place": "Università di Roma Tor Vergata"
      },
      {
        "title": "Tutorato Astromundus: Astrofisica extragalattica",
        "period": "2011",
        "place": "Università di Roma Tor Vergata"
      },
      {
        "title": "Recupero di matematica (scuola secondaria)",
        "period": "2011",
        "place": "Liceo Scientifico Amaldi"
      },
      {
        "title": "Tutorato: Programmazione e informatica",
        "period": "2010",
        "place": "Università di Roma Tor Vergata"
      }
    ]
  },
  "news": {
    "items": [
      {
        "year": "2025",
        "category": "Relazione su invito",
        "title": "KPS Fall Meeting (Gwangju, Corea del Sud)",
        "body": "Talk su \u201cPeVatron Fiction (Everything Everywhere All at PeV)\u201d.",
        "link": "https://www.kps.or.kr/conference/event/content/content.php?_mid=1401,1406#"
      },
      {
        "year": "2025",
        "category": "Relazione su invito",
        "title": "Indo-Japan Workshop on Extreme Plasma Phenomena (ARIES Nainital)",
        "body": "Talk su \u201cPeVatron Fiction (Everything Everywhere All at PeV)\u201d.",
        "link": "https://www.aries.res.in/sites/default/files/Indo_Japan_workshop.pdf"
      },
      {
        "year": "2025",
        "category": "Relazione su invito",
        "title": "KMI2025 \u2013 6th KMI International Symposium (Nagoya, Giappone)",
        "body": "Talk su \u201cGamma Ray Busters: the search of the lost PeVatrons\u201d.",
        "link": "https://indico.kmi.nagoya-u.ac.jp/event/10/overview"
      },
      {
        "year": "2025",
        "category": "Divulgazione",
        "title": "Evento ADTRAN a Villa Merini (9 ottobre)",
        "body": "Relatrice all'evento divulgativo."
      },
      {
        "year": "2025",
        "category": "Divulgazione",
        "title": "Un viaggio tra memoria e innovazione (2 ottobre)",
        "body": "Relatrice all'evento organizzato da FNP per la festa dei nonni."
      },
      {
        "year": "2025",
        "category": "Divulgazione",
        "title": "Festival d'Arte, Scienza e Inclusione Sociale (20 settembre)",
        "body": "Relatrice alla conversazione dell'associazione IncontroLuce a Firenze."
      },
      {
        "year": "2024",
        "category": "Divulgazione",
        "title": "Open Day INAF-IAPS per studenti universitari",
        "body": "Evento organizzato per presentare le ricerche attive e i percorsi possibili in IAPS.",
        "link": "https://www.iaps.inaf.it/it/eventi/incontri-con-il-pubblico/open-day-iaps-2024"
      }
    ]
  },
  "footer": {
    "text": "Sito personale di Martina Cardillo - INAF-IAPS"
  },
  "labels": {
    "download": "Scarica",
    "open": "Apri",
    "doi": "DOI",
    "link": "Link",
    "skip": "Salta al contenuto"
  }
}
